<?xml version="1.0" encoding="UTF-8"?>

<CodeSystem xmlns="http://hl7.org/fhir">
  <id value="patient-sex-at-birth"/>
  <text>
    <status value="generated"/><div xmlns="http://www.w3.org/1999/xhtml">Placeholder</div>
  </text>
  <url value="http://example.com/fhir/example/CodeSystem/patient-sex-at-birth"/>
  <version value="1.0.0"/>
  <name value="PatientSexAtBirth"/>
  <title value="Patient Sex at Birth"/>
  <status value="active"/>
  <date value="2023-09-14T09:05:05+00:00"/>
  <publisher value="My Organization"/>
  <contact>
    <name value="My Organization"/>
    <telecom>
      <system value="url"/>
      <value value="http://example.com/committees"/>
    </telecom>
    <telecom>
      <system value="email"/>
      <value value="my-group@example.com"/>
    </telecom>
  </contact>
  <contact>
    <name value="Bob Smith"/>
    <telecom>
      <system value="email"/>
      <value value="bobsmith@example.com"/>
      <use value="work"/>
    </telecom>
  </contact>
  <description value="Patient sex at birth."/>
  <jurisdiction>
    <coding>
      <system value="http://unstats.un.org/unsd/methods/m49/m49.htm"/>
      <code value="001"/>
      <display value="World"/>
    </coding>
  </jurisdiction>
  <content value="complete"/>
  <count value="4"/>
  <concept>
    <code value="male"/>
    <display value="Male"/>
    <designation>
      <language value="pt"/>
      <value value="Masculino"/>
    </designation>
    <designation>
      <language value="es"/>
      <value value="Masculino"/>
    </designation>
    <designation>
      <language value="et"/>
      <value value="Mees"/>
    </designation>
  </concept>
  <concept>
    <code value="female"/>
    <display value="Female"/>
    <designation>
      <language value="pt"/>
      <value value="Feminino"/>
    </designation>
    <designation>
      <language value="es"/>
      <value value="Feminino"/>
    </designation>
    <designation>
      <language value="et"/>
      <value value="Naine"/>
    </designation>
  </concept>
  <concept>
    <code value="other"/>
    <display value="Other"/>
    <designation>
      <language value="pt"/>
      <value value="Outro"/>
    </designation>
    <designation>
      <language value="es"/>
      <value value="Otro"/>
    </designation>
    <designation>
      <language value="et"/>
      <value value="Muu"/>
    </designation>
  </concept>
  <concept>
    <code value="unknown"/>
    <display value="Unknown"/>
    <designation>
      <language value="pt"/>
      <value value="Desconhecido"/>
    </designation>
    <designation>
      <language value="es"/>
      <value value="Desconocido"/>
    </designation>
    <designation>
      <language value="et"/>
      <value value="Teadmata"/>
    </designation>
  </concept>
</CodeSystem>